71e3d520-3ff5-4539-aa36-ff41c0f52d39,0,0
ff2eaf51-9148-4690-9da9-099f40429241,1,0
87380e92-107e-46a4-9122-0f1309c63639,2,0
29123a77-8229-44b6-9917-f7bb54585b98,3,0
535e2a22-d1f1-46a2-8dff-c77e5944c358,4,0
e30eede8-f2a3-45e3-bf75-773a6d25c0a3,5,0
416c9ff3-bbf1-49fe-9ae1-cd468a96f801,6,0
62508530-b4ff-46ad-a1c8-307d4ed0ad11,7,0
3da563a8-4199-41df-9e0e-5d0eac0a85d9,8,0
7096250c-7da6-4844-a91c-dd1b2943011f,9,0
8695663f-e098-4c25-bb69-c6e95d5ceee6,10,0
e9c5a6d2-a75f-4969-b939-c6038a17bc54,11,0
8fcdd8da-9a59-4f1f-a653-10abad981d3f,12,0
c2c3e859-cc63-442b-8baa-39f1cada914e,13,0
929d1077-02d4-49f4-bdd9-75f48d138f39,14,0
48ad9436-cd64-4347-86fc-ec9e36eb1312,15,0
1ab80350-fb05-459c-acbd-27b09ac01f43,16,0
13ef692c-9710-486c-83fe-d7d068ee3ff1,17,0
7c6cce9a-38df-426f-9dae-6b5af65dc89b,18,0
4c2a50d5-ae6a-422d-9ce1-283a7606c2e0,19,0
81583476-99d3-4156-9e9a-d5d3137f9989,20,0
a4de326a-7963-4286-800b-83bea7377d15,21,0
00f7bd60-5d61-4e76-a804-f98e670c9deb,22,0
8b3226ff-0af0-4953-88c0-0be94b119694,23,0
aa918c0e-d75c-4443-9033-6003d258388a,24,0
b7993fb7-8b28-4280-b730-37258c8fa3d7,25,0
2ade73ed-1438-42cd-8d77-49c6e2df2d53,26,0
dd0d3ced-ec62-4acd-abda-8afb3f88af20,27,0
f38f0aeb-1f35-46f7-9ce5-50b1d76465be,28,0
155ed35a-f184-4363-bb26-9836d102e951,29,0
eacace5d-4dd6-4b2c-a5ee-746c0ac162cc,30,0
ccb00bda-a004-47c1-a6c0-76282186f730,31,0
a5baf251-2de8-4614-9325-064a458dec09,32,0
554637c3-5364-4a90-ab17-4e04a48b8ea9,33,0
a21e4376-4948-4901-a146-a2a4c7722ebc,34,0
eca7e016-e8c4-421d-b28b-53c5f0b268d4,35,0
a51bbdd3-4a24-4b50-aac1-2fe7b18a84dd,36,0
bc513243-8270-42ba-9b8f-b51a445c8952,37,0
17df6765-bf4c-4b68-8380-27ac2e23d390,38,0
cbfea4ed-4a6b-41a6-b4ec-b5ec7b4a89c8,39,0
693b4547-46d6-4d85-a76d-86bcb80fb09f,40,0
798594eb-73f8-473c-a5f2-57581f9b5a80,41,0
07600a11-bc06-489e-ab64-4dc9f4d40a60,42,0
daa157f6-5c39-4c1f-bc27-b356ac7c6867,43,0
06de585d-fe55-4290-a149-af7781098f57,44,0
1448a904-c78a-4ef6-b38d-51219ab83e13,45,0
67e8535a-b831-4865-a5de-0763739c3c73,46,0
fc6d73b3-41a0-4c05-99e4-a986494b30de,47,0
3d4e1c0b-37f9-4a7b-a9f6-bc4d2cbb91da,48,0
f73c3784-f647-4e50-974b-5dc930eb182d,49,0
be9827bc-ef54-481f-a80a-9d12ecfda0f7,50,0
58f5fd05-4edd-41ce-b504-85cb52b47f47,51,0
3b96f3eb-6974-4a74-b7a4-d0edd1776337,52,0
10e8af95-d6f2-43c6-94c5-81a21b44ff0f,53,0
b2c3a752-ab6b-438e-a662-0c94b0da7da2,54,0
8826321b-3e78-43e5-9370-e7ebe5db3122,55,0
5f7ec4c2-ad30-415a-8280-6415deb84fc7,56,0
15e742d0-6059-43c4-87ba-846b4892e594,57,0
85b50350-a325-41bd-b1d5-9a558ae5c035,58,0
075bda54-fe52-4f05-9935-05fca6619525,59,0
eb295836-ca88-4b33-b49f-8ee5c90515ac,60,0
32554295-25aa-4cc2-87b7-a5f77daf307f,61,0
a28ffbef-31d8-4d9c-9f04-c8a7383ab804,62,0
cc6777d4-fbc2-40f8-a585-9d1d24b19579,63,0
259b6ae4-d4a7-4d5a-8fe7-cadd3b37a3d6,64,0
d93491fd-bf27-44c9-8b70-b6725ba872d0,65,0
5974f523-5a74-4d4a-b4d5-240c92fbb272,66,0
b2b7b3ff-4a40-4db3-aae7-02a591281750,67,0
31b089ac-9148-46de-98c7-1bab7f5cbade,68,0
65a49f57-d1eb-4a81-bdb9-14d6c2a87646,69,0
81d9bce9-9e35-4da3-b5ab-c3f26f1bb389,70,0
b89ae814-7770-4fd5-a19a-cac59ae2deaf,71,0
ddeebef6-5e53-444f-8ab9-8f2a09477762,72,0
912cdab6-6f7b-4a5e-9fd6-2eb20daedf8d,73,0
099d4be1-44cc-4a6f-880d-24e79ffbe469,74,0
b12ae974-dc00-4420-8fd6-cc01181affaf,75,0
1a425388-65d3-402f-a289-e9848aac4e50,76,0
7f9496f0-bbc2-4c68-b999-e887f1a585b3,77,0
7248564b-d6bd-40c7-9921-bd8a9434b8aa,78,0
6ec544e8-c195-4a52-a47b-dd7a4d4e718a,79,0
63baa34c-d17a-47d8-8996-321e15fc8466,80,0
04aef4a1-3875-446a-acd6-9fdec635c261,81,0
f1e446c9-1d7c-4809-aebc-e668fbd2ccf7,82,0
963b6c6b-9ccc-4184-9da6-75cec4c7a4c8,83,0
39cf0dc6-a44e-4952-b1cd-4ee3533a16b6,84,0
a50010b8-3387-47ef-9118-06469920ec87,85,0
998c8781-b53d-4b88-bbd9-9faf11d50797,86,0
68eb4812-b421-4cc2-90de-7e7150720057,87,0
2a8dad25-f667-4c6f-bce4-3476b13f738d,88,0
f9d7f0ec-b3be-475b-8bb8-90caf79f67c1,89,0
4ff62efc-0da6-4120-96de-6b664c62ed75,90,0
bc9c0879-004e-4e5d-bd2e-80159b2837f1,91,0
a923fd3a-b482-4786-b87d-2bdae5e0a6a4,92,0
c602a691-e09a-474f-90b6-65f330ff175d,93,0
181095ca-1449-4a43-88ea-fc6a1fe8283f,94,0
b84f1bd0-23e2-4288-83b5-14399d0f3a54,95,0
b3158104-051c-4750-8efa-41f2ad736ab2,96,0
d9002f79-c384-4ea8-95f9-41593a9c9268,97,0
f84e69f3-c611-4bc9-ad38-4ebecf4a5e1e,98,0
922acded-f67b-415a-aac9-48c1148122a5,99,0
71e3d520-3ff5-4539-aa36-ff41c0f52d39,100,1
ff2eaf51-9148-4690-9da9-099f40429241,101,1
87380e92-107e-46a4-9122-0f1309c63639,102,1
29123a77-8229-44b6-9917-f7bb54585b98,103,1
535e2a22-d1f1-46a2-8dff-c77e5944c358,104,1
e30eede8-f2a3-45e3-bf75-773a6d25c0a3,105,1
416c9ff3-bbf1-49fe-9ae1-cd468a96f801,106,1
62508530-b4ff-46ad-a1c8-307d4ed0ad11,107,1
3da563a8-4199-41df-9e0e-5d0eac0a85d9,108,1
7096250c-7da6-4844-a91c-dd1b2943011f,109,1
8695663f-e098-4c25-bb69-c6e95d5ceee6,110,1
e9c5a6d2-a75f-4969-b939-c6038a17bc54,111,1
8fcdd8da-9a59-4f1f-a653-10abad981d3f,112,1
c2c3e859-cc63-442b-8baa-39f1cada914e,113,1
929d1077-02d4-49f4-bdd9-75f48d138f39,114,1
48ad9436-cd64-4347-86fc-ec9e36eb1312,115,1
1ab80350-fb05-459c-acbd-27b09ac01f43,116,1
13ef692c-9710-486c-83fe-d7d068ee3ff1,117,1
7c6cce9a-38df-426f-9dae-6b5af65dc89b,118,1
4c2a50d5-ae6a-422d-9ce1-283a7606c2e0,119,1
81583476-99d3-4156-9e9a-d5d3137f9989,120,1
a4de326a-7963-4286-800b-83bea7377d15,121,1
00f7bd60-5d61-4e76-a804-f98e670c9deb,122,1
8b3226ff-0af0-4953-88c0-0be94b119694,123,1
aa918c0e-d75c-4443-9033-6003d258388a,124,1
b7993fb7-8b28-4280-b730-37258c8fa3d7,125,1
2ade73ed-1438-42cd-8d77-49c6e2df2d53,126,1
dd0d3ced-ec62-4acd-abda-8afb3f88af20,127,1
f38f0aeb-1f35-46f7-9ce5-50b1d76465be,128,1
155ed35a-f184-4363-bb26-9836d102e951,129,1
eacace5d-4dd6-4b2c-a5ee-746c0ac162cc,130,1
ccb00bda-a004-47c1-a6c0-76282186f730,131,1
a5baf251-2de8-4614-9325-064a458dec09,132,1
554637c3-5364-4a90-ab17-4e04a48b8ea9,133,1
a21e4376-4948-4901-a146-a2a4c7722ebc,134,1
eca7e016-e8c4-421d-b28b-53c5f0b268d4,135,1
a51bbdd3-4a24-4b50-aac1-2fe7b18a84dd,136,1
bc513243-8270-42ba-9b8f-b51a445c8952,137,1
17df6765-bf4c-4b68-8380-27ac2e23d390,138,1
cbfea4ed-4a6b-41a6-b4ec-b5ec7b4a89c8,139,1
693b4547-46d6-4d85-a76d-86bcb80fb09f,140,1
798594eb-73f8-473c-a5f2-57581f9b5a80,141,1
07600a11-bc06-489e-ab64-4dc9f4d40a60,142,1
daa157f6-5c39-4c1f-bc27-b356ac7c6867,143,1
06de585d-fe55-4290-a149-af7781098f57,144,1
1448a904-c78a-4ef6-b38d-51219ab83e13,145,1
67e8535a-b831-4865-a5de-0763739c3c73,146,1
fc6d73b3-41a0-4c05-99e4-a986494b30de,147,1
3d4e1c0b-37f9-4a7b-a9f6-bc4d2cbb91da,148,1
f73c3784-f647-4e50-974b-5dc930eb182d,149,1
be9827bc-ef54-481f-a80a-9d12ecfda0f7,150,1
58f5fd05-4edd-41ce-b504-85cb52b47f47,151,1
3b96f3eb-6974-4a74-b7a4-d0edd1776337,152,1
10e8af95-d6f2-43c6-94c5-81a21b44ff0f,153,1
b2c3a752-ab6b-438e-a662-0c94b0da7da2,154,1
8826321b-3e78-43e5-9370-e7ebe5db3122,155,1
5f7ec4c2-ad30-415a-8280-6415deb84fc7,156,1
15e742d0-6059-43c4-87ba-846b4892e594,157,1
85b50350-a325-41bd-b1d5-9a558ae5c035,158,1
075bda54-fe52-4f05-9935-05fca6619525,159,1
eb295836-ca88-4b33-b49f-8ee5c90515ac,160,1
32554295-25aa-4cc2-87b7-a5f77daf307f,161,1
a28ffbef-31d8-4d9c-9f04-c8a7383ab804,162,1
cc6777d4-fbc2-40f8-a585-9d1d24b19579,163,1
259b6ae4-d4a7-4d5a-8fe7-cadd3b37a3d6,164,1
d93491fd-bf27-44c9-8b70-b6725ba872d0,165,1
5974f523-5a74-4d4a-b4d5-240c92fbb272,166,1
b2b7b3ff-4a40-4db3-aae7-02a591281750,167,1
31b089ac-9148-46de-98c7-1bab7f5cbade,168,1
65a49f57-d1eb-4a81-bdb9-14d6c2a87646,169,1
81d9bce9-9e35-4da3-b5ab-c3f26f1bb389,170,1
b89ae814-7770-4fd5-a19a-cac59ae2deaf,171,1
ddeebef6-5e53-444f-8ab9-8f2a09477762,172,1
912cdab6-6f7b-4a5e-9fd6-2eb20daedf8d,173,1
099d4be1-44cc-4a6f-880d-24e79ffbe469,174,1
b12ae974-dc00-4420-8fd6-cc01181affaf,175,1
1a425388-65d3-402f-a289-e9848aac4e50,176,1
7f9496f0-bbc2-4c68-b999-e887f1a585b3,177,1
7248564b-d6bd-40c7-9921-bd8a9434b8aa,178,1
6ec544e8-c195-4a52-a47b-dd7a4d4e718a,179,1
63baa34c-d17a-47d8-8996-321e15fc8466,180,1
04aef4a1-3875-446a-acd6-9fdec635c261,181,1
f1e446c9-1d7c-4809-aebc-e668fbd2ccf7,182,1
963b6c6b-9ccc-4184-9da6-75cec4c7a4c8,183,1
39cf0dc6-a44e-4952-b1cd-4ee3533a16b6,184,1
a50010b8-3387-47ef-9118-06469920ec87,185,1
998c8781-b53d-4b88-bbd9-9faf11d50797,186,1
68eb4812-b421-4cc2-90de-7e7150720057,187,1
2a8dad25-f667-4c6f-bce4-3476b13f738d,188,1
f9d7f0ec-b3be-475b-8bb8-90caf79f67c1,189,1
4ff62efc-0da6-4120-96de-6b664c62ed75,190,1
bc9c0879-004e-4e5d-bd2e-80159b2837f1,191,1
a923fd3a-b482-4786-b87d-2bdae5e0a6a4,192,1
c602a691-e09a-474f-90b6-65f330ff175d,193,1
181095ca-1449-4a43-88ea-fc6a1fe8283f,194,1
b84f1bd0-23e2-4288-83b5-14399d0f3a54,195,1
b3158104-051c-4750-8efa-41f2ad736ab2,196,1
d9002f79-c384-4ea8-95f9-41593a9c9268,197,1
f84e69f3-c611-4bc9-ad38-4ebecf4a5e1e,198,1
922acded-f67b-415a-aac9-48c1148122a5,199,1
71e3d520-3ff5-4539-aa36-ff41c0f52d39,200,2
ff2eaf51-9148-4690-9da9-099f40429241,201,2
87380e92-107e-46a4-9122-0f1309c63639,202,2
29123a77-8229-44b6-9917-f7bb54585b98,203,2
535e2a22-d1f1-46a2-8dff-c77e5944c358,204,2
e30eede8-f2a3-45e3-bf75-773a6d25c0a3,205,2
416c9ff3-bbf1-49fe-9ae1-cd468a96f801,206,2
62508530-b4ff-46ad-a1c8-307d4ed0ad11,207,2
3da563a8-4199-41df-9e0e-5d0eac0a85d9,208,2
7096250c-7da6-4844-a91c-dd1b2943011f,209,2
8695663f-e098-4c25-bb69-c6e95d5ceee6,210,2
e9c5a6d2-a75f-4969-b939-c6038a17bc54,211,2
8fcdd8da-9a59-4f1f-a653-10abad981d3f,212,2
c2c3e859-cc63-442b-8baa-39f1cada914e,213,2
929d1077-02d4-49f4-bdd9-75f48d138f39,214,2
48ad9436-cd64-4347-86fc-ec9e36eb1312,215,2
1ab80350-fb05-459c-acbd-27b09ac01f43,216,2
13ef692c-9710-486c-83fe-d7d068ee3ff1,217,2
7c6cce9a-38df-426f-9dae-6b5af65dc89b,218,2
4c2a50d5-ae6a-422d-9ce1-283a7606c2e0,219,2
81583476-99d3-4156-9e9a-d5d3137f9989,220,2
a4de326a-7963-4286-800b-83bea7377d15,221,2
00f7bd60-5d61-4e76-a804-f98e670c9deb,222,2
8b3226ff-0af0-4953-88c0-0be94b119694,223,2
aa918c0e-d75c-4443-9033-6003d258388a,224,2
b7993fb7-8b28-4280-b730-37258c8fa3d7,225,2
2ade73ed-1438-42cd-8d77-49c6e2df2d53,226,2
dd0d3ced-ec62-4acd-abda-8afb3f88af20,227,2
f38f0aeb-1f35-46f7-9ce5-50b1d76465be,228,2
155ed35a-f184-4363-bb26-9836d102e951,229,2
eacace5d-4dd6-4b2c-a5ee-746c0ac162cc,230,2
ccb00bda-a004-47c1-a6c0-76282186f730,231,2
a5baf251-2de8-4614-9325-064a458dec09,232,2
554637c3-5364-4a90-ab17-4e04a48b8ea9,233,2
a21e4376-4948-4901-a146-a2a4c7722ebc,234,2
eca7e016-e8c4-421d-b28b-53c5f0b268d4,235,2
a51bbdd3-4a24-4b50-aac1-2fe7b18a84dd,236,2
bc513243-8270-42ba-9b8f-b51a445c8952,237,2
17df6765-bf4c-4b68-8380-27ac2e23d390,238,2
cbfea4ed-4a6b-41a6-b4ec-b5ec7b4a89c8,239,2
693b4547-46d6-4d85-a76d-86bcb80fb09f,240,2
798594eb-73f8-473c-a5f2-57581f9b5a80,241,2
07600a11-bc06-489e-ab64-4dc9f4d40a60,242,2
daa157f6-5c39-4c1f-bc27-b356ac7c6867,243,2
06de585d-fe55-4290-a149-af7781098f57,244,2
1448a904-c78a-4ef6-b38d-51219ab83e13,245,2
67e8535a-b831-4865-a5de-0763739c3c73,246,2
fc6d73b3-41a0-4c05-99e4-a986494b30de,247,2
3d4e1c0b-37f9-4a7b-a9f6-bc4d2cbb91da,248,2
f73c3784-f647-4e50-974b-5dc930eb182d,249,2
be9827bc-ef54-481f-a80a-9d12ecfda0f7,250,2
58f5fd05-4edd-41ce-b504-85cb52b47f47,251,2
3b96f3eb-6974-4a74-b7a4-d0edd1776337,252,2
10e8af95-d6f2-43c6-94c5-81a21b44ff0f,253,2
b2c3a752-ab6b-438e-a662-0c94b0da7da2,254,2
8826321b-3e78-43e5-9370-e7ebe5db3122,255,2
5f7ec4c2-ad30-415a-8280-6415deb84fc7,256,2
15e742d0-6059-43c4-87ba-846b4892e594,257,2
85b50350-a325-41bd-b1d5-9a558ae5c035,258,2
075bda54-fe52-4f05-9935-05fca6619525,259,2
eb295836-ca88-4b33-b49f-8ee5c90515ac,260,2
32554295-25aa-4cc2-87b7-a5f77daf307f,261,2
a28ffbef-31d8-4d9c-9f04-c8a7383ab804,262,2
cc6777d4-fbc2-40f8-a585-9d1d24b19579,263,2
259b6ae4-d4a7-4d5a-8fe7-cadd3b37a3d6,264,2
d93491fd-bf27-44c9-8b70-b6725ba872d0,265,2
5974f523-5a74-4d4a-b4d5-240c92fbb272,266,2
b2b7b3ff-4a40-4db3-aae7-02a591281750,267,2
31b089ac-9148-46de-98c7-1bab7f5cbade,268,2
65a49f57-d1eb-4a81-bdb9-14d6c2a87646,269,2
81d9bce9-9e35-4da3-b5ab-c3f26f1bb389,270,2
b89ae814-7770-4fd5-a19a-cac59ae2deaf,271,2
ddeebef6-5e53-444f-8ab9-8f2a09477762,272,2
912cdab6-6f7b-4a5e-9fd6-2eb20daedf8d,273,2
099d4be1-44cc-4a6f-880d-24e79ffbe469,274,2
b12ae974-dc00-4420-8fd6-cc01181affaf,275,2
1a425388-65d3-402f-a289-e9848aac4e50,276,2
7f9496f0-bbc2-4c68-b999-e887f1a585b3,277,2
7248564b-d6bd-40c7-9921-bd8a9434b8aa,278,2
6ec544e8-c195-4a52-a47b-dd7a4d4e718a,279,2
63baa34c-d17a-47d8-8996-321e15fc8466,280,2
04aef4a1-3875-446a-acd6-9fdec635c261,281,2
f1e446c9-1d7c-4809-aebc-e668fbd2ccf7,282,2
963b6c6b-9ccc-4184-9da6-75cec4c7a4c8,283,2
39cf0dc6-a44e-4952-b1cd-4ee3533a16b6,284,2
a50010b8-3387-47ef-9118-06469920ec87,285,2
998c8781-b53d-4b88-bbd9-9faf11d50797,286,2
68eb4812-b421-4cc2-90de-7e7150720057,287,2
2a8dad25-f667-4c6f-bce4-3476b13f738d,288,2
f9d7f0ec-b3be-475b-8bb8-90caf79f67c1,289,2
4ff62efc-0da6-4120-96de-6b664c62ed75,290,2
bc9c0879-004e-4e5d-bd2e-80159b2837f1,291,2
a923fd3a-b482-4786-b87d-2bdae5e0a6a4,292,2
c602a691-e09a-474f-90b6-65f330ff175d,293,2
181095ca-1449-4a43-88ea-fc6a1fe8283f,294,2
b84f1bd0-23e2-4288-83b5-14399d0f3a54,295,2
b3158104-051c-4750-8efa-41f2ad736ab2,296,2
d9002f79-c384-4ea8-95f9-41593a9c9268,297,2
f84e69f3-c611-4bc9-ad38-4ebecf4a5e1e,298,2
922acded-f67b-415a-aac9-48c1148122a5,299,2
71e3d520-3ff5-4539-aa36-ff41c0f52d39,300,3
ff2eaf51-9148-4690-9da9-099f40429241,301,3
87380e92-107e-46a4-9122-0f1309c63639,302,3
29123a77-8229-44b6-9917-f7bb54585b98,303,3
535e2a22-d1f1-46a2-8dff-c77e5944c358,304,3
e30eede8-f2a3-45e3-bf75-773a6d25c0a3,305,3
416c9ff3-bbf1-49fe-9ae1-cd468a96f801,306,3
62508530-b4ff-46ad-a1c8-307d4ed0ad11,307,3
3da563a8-4199-41df-9e0e-5d0eac0a85d9,308,3
7096250c-7da6-4844-a91c-dd1b2943011f,309,3
8695663f-e098-4c25-bb69-c6e95d5ceee6,310,3
e9c5a6d2-a75f-4969-b939-c6038a17bc54,311,3
8fcdd8da-9a59-4f1f-a653-10abad981d3f,312,3
c2c3e859-cc63-442b-8baa-39f1cada914e,313,3
929d1077-02d4-49f4-bdd9-75f48d138f39,314,3
48ad9436-cd64-4347-86fc-ec9e36eb1312,315,3
1ab80350-fb05-459c-acbd-27b09ac01f43,316,3
13ef692c-9710-486c-83fe-d7d068ee3ff1,317,3
7c6cce9a-38df-426f-9dae-6b5af65dc89b,318,3
4c2a50d5-ae6a-422d-9ce1-283a7606c2e0,319,3
81583476-99d3-4156-9e9a-d5d3137f9989,320,3
a4de326a-7963-4286-800b-83bea7377d15,321,3
00f7bd60-5d61-4e76-a804-f98e670c9deb,322,3
8b3226ff-0af0-4953-88c0-0be94b119694,323,3
aa918c0e-d75c-4443-9033-6003d258388a,324,3
b7993fb7-8b28-4280-b730-37258c8fa3d7,325,3
2ade73ed-1438-42cd-8d77-49c6e2df2d53,326,3
dd0d3ced-ec62-4acd-abda-8afb3f88af20,327,3
f38f0aeb-1f35-46f7-9ce5-50b1d76465be,328,3
155ed35a-f184-4363-bb26-9836d102e951,329,3
eacace5d-4dd6-4b2c-a5ee-746c0ac162cc,330,3
ccb00bda-a004-47c1-a6c0-76282186f730,331,3
a5baf251-2de8-4614-9325-064a458dec09,332,3
554637c3-5364-4a90-ab17-4e04a48b8ea9,333,3
a21e4376-4948-4901-a146-a2a4c7722ebc,334,3
eca7e016-e8c4-421d-b28b-53c5f0b268d4,335,3
a51bbdd3-4a24-4b50-aac1-2fe7b18a84dd,336,3
bc513243-8270-42ba-9b8f-b51a445c8952,337,3
17df6765-bf4c-4b68-8380-27ac2e23d390,338,3
cbfea4ed-4a6b-41a6-b4ec-b5ec7b4a89c8,339,3
693b4547-46d6-4d85-a76d-86bcb80fb09f,340,3
798594eb-73f8-473c-a5f2-57581f9b5a80,341,3
07600a11-bc06-489e-ab64-4dc9f4d40a60,342,3
daa157f6-5c39-4c1f-bc27-b356ac7c6867,343,3
06de585d-fe55-4290-a149-af7781098f57,344,3
1448a904-c78a-4ef6-b38d-51219ab83e13,345,3
67e8535a-b831-4865-a5de-0763739c3c73,346,3
fc6d73b3-41a0-4c05-99e4-a986494b30de,347,3
3d4e1c0b-37f9-4a7b-a9f6-bc4d2cbb91da,348,3
f73c3784-f647-4e50-974b-5dc930eb182d,349,3
be9827bc-ef54-481f-a80a-9d12ecfda0f7,350,3
58f5fd05-4edd-41ce-b504-85cb52b47f47,351,3
3b96f3eb-6974-4a74-b7a4-d0edd1776337,352,3
10e8af95-d6f2-43c6-94c5-81a21b44ff0f,353,3
b2c3a752-ab6b-438e-a662-0c94b0da7da2,354,3
8826321b-3e78-43e5-9370-e7ebe5db3122,355,3
5f7ec4c2-ad30-415a-8280-6415deb84fc7,356,3
15e742d0-6059-43c4-87ba-846b4892e594,357,3
85b50350-a325-41bd-b1d5-9a558ae5c035,358,3
075bda54-fe52-4f05-9935-05fca6619525,359,3
eb295836-ca88-4b33-b49f-8ee5c90515ac,360,3
32554295-25aa-4cc2-87b7-a5f77daf307f,361,3
a28ffbef-31d8-4d9c-9f04-c8a7383ab804,362,3
cc6777d4-fbc2-40f8-a585-9d1d24b19579,363,3
259b6ae4-d4a7-4d5a-8fe7-cadd3b37a3d6,364,3
d93491fd-bf27-44c9-8b70-b6725ba872d0,365,3
5974f523-5a74-4d4a-b4d5-240c92fbb272,366,3
b2b7b3ff-4a40-4db3-aae7-02a591281750,367,3
31b089ac-9148-46de-98c7-1bab7f5cbade,368,3
65a49f57-d1eb-4a81-bdb9-14d6c2a87646,369,3
81d9bce9-9e35-4da3-b5ab-c3f26f1bb389,370,3
b89ae814-7770-4fd5-a19a-cac59ae2deaf,371,3
ddeebef6-5e53-444f-8ab9-8f2a09477762,372,3
912cdab6-6f7b-4a5e-9fd6-2eb20daedf8d,373,3
099d4be1-44cc-4a6f-880d-24e79ffbe469,374,3
b12ae974-dc00-4420-8fd6-cc01181affaf,375,3
1a425388-65d3-402f-a289-e9848aac4e50,376,3
7f9496f0-bbc2-4c68-b999-e887f1a585b3,377,3
7248564b-d6bd-40c7-9921-bd8a9434b8aa,378,3
6ec544e8-c195-4a52-a47b-dd7a4d4e718a,379,3
63baa34c-d17a-47d8-8996-321e15fc8466,380,3
04aef4a1-3875-446a-acd6-9fdec635c261,381,3
f1e446c9-1d7c-4809-aebc-e668fbd2ccf7,382,3
963b6c6b-9ccc-4184-9da6-75cec4c7a4c8,383,3
39cf0dc6-a44e-4952-b1cd-4ee3533a16b6,384,3
a50010b8-3387-47ef-9118-06469920ec87,385,3
998c8781-b53d-4b88-bbd9-9faf11d50797,386,3
68eb4812-b421-4cc2-90de-7e7150720057,387,3
2a8dad25-f667-4c6f-bce4-3476b13f738d,388,3
f9d7f0ec-b3be-475b-8bb8-90caf79f67c1,389,3
4ff62efc-0da6-4120-96de-6b664c62ed75,390,3
bc9c0879-004e-4e5d-bd2e-80159b2837f1,391,3
a923fd3a-b482-4786-b87d-2bdae5e0a6a4,392,3
c602a691-e09a-474f-90b6-65f330ff175d,393,3
181095ca-1449-4a43-88ea-fc6a1fe8283f,394,3
b84f1bd0-23e2-4288-83b5-14399d0f3a54,395,3
b3158104-051c-4750-8efa-41f2ad736ab2,396,3
d9002f79-c384-4ea8-95f9-41593a9c9268,397,3
f84e69f3-c611-4bc9-ad38-4ebecf4a5e1e,398,3
922acded-f67b-415a-aac9-48c1148122a5,399,3
71e3d520-3ff5-4539-aa36-ff41c0f52d39,400,4
ff2eaf51-9148-4690-9da9-099f40429241,401,4
87380e92-107e-46a4-9122-0f1309c63639,402,4
29123a77-8229-44b6-9917-f7bb54585b98,403,4
535e2a22-d1f1-46a2-8dff-c77e5944c358,404,4
e30eede8-f2a3-45e3-bf75-773a6d25c0a3,405,4
416c9ff3-bbf1-49fe-9ae1-cd468a96f801,406,4
62508530-b4ff-46ad-a1c8-307d4ed0ad11,407,4
3da563a8-4199-41df-9e0e-5d0eac0a85d9,408,4
7096250c-7da6-4844-a91c-dd1b2943011f,409,4
8695663f-e098-4c25-bb69-c6e95d5ceee6,410,4
e9c5a6d2-a75f-4969-b939-c6038a17bc54,411,4
8fcdd8da-9a59-4f1f-a653-10abad981d3f,412,4
c2c3e859-cc63-442b-8baa-39f1cada914e,413,4
929d1077-02d4-49f4-bdd9-75f48d138f39,414,4
48ad9436-cd64-4347-86fc-ec9e36eb1312,415,4
1ab80350-fb05-459c-acbd-27b09ac01f43,416,4
13ef692c-9710-486c-83fe-d7d068ee3ff1,417,4
7c6cce9a-38df-426f-9dae-6b5af65dc89b,418,4
4c2a50d5-ae6a-422d-9ce1-283a7606c2e0,419,4
81583476-99d3-4156-9e9a-d5d3137f9989,420,4
a4de326a-7963-4286-800b-83bea7377d15,421,4
00f7bd60-5d61-4e76-a804-f98e670c9deb,422,4
8b3226ff-0af0-4953-88c0-0be94b119694,423,4
aa918c0e-d75c-4443-9033-6003d258388a,424,4
b7993fb7-8b28-4280-b730-37258c8fa3d7,425,4
2ade73ed-1438-42cd-8d77-49c6e2df2d53,426,4
dd0d3ced-ec62-4acd-abda-8afb3f88af20,427,4
f38f0aeb-1f35-46f7-9ce5-50b1d76465be,428,4
155ed35a-f184-4363-bb26-9836d102e951,429,4
eacace5d-4dd6-4b2c-a5ee-746c0ac162cc,430,4
ccb00bda-a004-47c1-a6c0-76282186f730,431,4
a5baf251-2de8-4614-9325-064a458dec09,432,4
554637c3-5364-4a90-ab17-4e04a48b8ea9,433,4
a21e4376-4948-4901-a146-a2a4c7722ebc,434,4
eca7e016-e8c4-421d-b28b-53c5f0b268d4,435,4
a51bbdd3-4a24-4b50-aac1-2fe7b18a84dd,436,4
bc513243-8270-42ba-9b8f-b51a445c8952,437,4
17df6765-bf4c-4b68-8380-27ac2e23d390,438,4
cbfea4ed-4a6b-41a6-b4ec-b5ec7b4a89c8,439,4
693b4547-46d6-4d85-a76d-86bcb80fb09f,440,4
798594eb-73f8-473c-a5f2-57581f9b5a80,441,4
07600a11-bc06-489e-ab64-4dc9f4d40a60,442,4
daa157f6-5c39-4c1f-bc27-b356ac7c6867,443,4
06de585d-fe55-4290-a149-af7781098f57,444,4
1448a904-c78a-4ef6-b38d-51219ab83e13,445,4
67e8535a-b831-4865-a5de-0763739c3c73,446,4
fc6d73b3-41a0-4c05-99e4-a986494b30de,447,4
3d4e1c0b-37f9-4a7b-a9f6-bc4d2cbb91da,448,4
f73c3784-f647-4e50-974b-5dc930eb182d,449,4
be9827bc-ef54-481f-a80a-9d12ecfda0f7,450,4
58f5fd05-4edd-41ce-b504-85cb52b47f47,451,4
3b96f3eb-6974-4a74-b7a4-d0edd1776337,452,4
10e8af95-d6f2-43c6-94c5-81a21b44ff0f,453,4
b2c3a752-ab6b-438e-a662-0c94b0da7da2,454,4
8826321b-3e78-43e5-9370-e7ebe5db3122,455,4
5f7ec4c2-ad30-415a-8280-6415deb84fc7,456,4
15e742d0-6059-43c4-87ba-846b4892e594,457,4
85b50350-a325-41bd-b1d5-9a558ae5c035,458,4
075bda54-fe52-4f05-9935-05fca6619525,459,4
eb295836-ca88-4b33-b49f-8ee5c90515ac,460,4
32554295-25aa-4cc2-87b7-a5f77daf307f,461,4
a28ffbef-31d8-4d9c-9f04-c8a7383ab804,462,4
cc6777d4-fbc2-40f8-a585-9d1d24b19579,463,4
259b6ae4-d4a7-4d5a-8fe7-cadd3b37a3d6,464,4
d93491fd-bf27-44c9-8b70-b6725ba872d0,465,4
5974f523-5a74-4d4a-b4d5-240c92fbb272,466,4
b2b7b3ff-4a40-4db3-aae7-02a591281750,467,4
31b089ac-9148-46de-98c7-1bab7f5cbade,468,4
65a49f57-d1eb-4a81-bdb9-14d6c2a87646,469,4
81d9bce9-9e35-4da3-b5ab-c3f26f1bb389,470,4
b89ae814-7770-4fd5-a19a-cac59ae2deaf,471,4
ddeebef6-5e53-444f-8ab9-8f2a09477762,472,4
912cdab6-6f7b-4a5e-9fd6-2eb20daedf8d,473,4
099d4be1-44cc-4a6f-880d-24e79ffbe469,474,4
b12ae974-dc00-4420-8fd6-cc01181affaf,475,4
1a425388-65d3-402f-a289-e9848aac4e50,476,4
7f9496f0-bbc2-4c68-b999-e887f1a585b3,477,4
7248564b-d6bd-40c7-9921-bd8a9434b8aa,478,4
6ec544e8-c195-4a52-a47b-dd7a4d4e718a,479,4
63baa34c-d17a-47d8-8996-321e15fc8466,480,4
04aef4a1-3875-446a-acd6-9fdec635c261,481,4
f1e446c9-1d7c-4809-aebc-e668fbd2ccf7,482,4
963b6c6b-9ccc-4184-9da6-75cec4c7a4c8,483,4
39cf0dc6-a44e-4952-b1cd-4ee3533a16b6,484,4
a50010b8-3387-47ef-9118-06469920ec87,485,4
998c8781-b53d-4b88-bbd9-9faf11d50797,486,4
68eb4812-b421-4cc2-90de-7e7150720057,487,4
2a8dad25-f667-4c6f-bce4-3476b13f738d,488,4
f9d7f0ec-b3be-475b-8bb8-90caf79f67c1,489,4
4ff62efc-0da6-4120-96de-6b664c62ed75,490,4
bc9c0879-004e-4e5d-bd2e-80159b2837f1,491,4
a923fd3a-b482-4786-b87d-2bdae5e0a6a4,492,4
c602a691-e09a-474f-90b6-65f330ff175d,493,4
181095ca-1449-4a43-88ea-fc6a1fe8283f,494,4
b84f1bd0-23e2-4288-83b5-14399d0f3a54,495,4
b3158104-051c-4750-8efa-41f2ad736ab2,496,4
d9002f79-c384-4ea8-95f9-41593a9c9268,497,4
f84e69f3-c611-4bc9-ad38-4ebecf4a5e1e,498,4
922acded-f67b-415a-aac9-48c1148122a5,499,4
71e3d520-3ff5-4539-aa36-ff41c0f52d39,500,5
ff2eaf51-9148-4690-9da9-099f40429241,501,5
87380e92-107e-46a4-9122-0f1309c63639,502,5
29123a77-8229-44b6-9917-f7bb54585b98,503,5
535e2a22-d1f1-46a2-8dff-c77e5944c358,504,5
e30eede8-f2a3-45e3-bf75-773a6d25c0a3,505,5
416c9ff3-bbf1-49fe-9ae1-cd468a96f801,506,5
62508530-b4ff-46ad-a1c8-307d4ed0ad11,507,5
3da563a8-4199-41df-9e0e-5d0eac0a85d9,508,5
7096250c-7da6-4844-a91c-dd1b2943011f,509,5
8695663f-e098-4c25-bb69-c6e95d5ceee6,510,5
e9c5a6d2-a75f-4969-b939-c6038a17bc54,511,5
8fcdd8da-9a59-4f1f-a653-10abad981d3f,512,5
c2c3e859-cc63-442b-8baa-39f1cada914e,513,5
929d1077-02d4-49f4-bdd9-75f48d138f39,514,5
48ad9436-cd64-4347-86fc-ec9e36eb1312,515,5
1ab80350-fb05-459c-acbd-27b09ac01f43,516,5
13ef692c-9710-486c-83fe-d7d068ee3ff1,517,5
7c6cce9a-38df-426f-9dae-6b5af65dc89b,518,5
4c2a50d5-ae6a-422d-9ce1-283a7606c2e0,519,5
81583476-99d3-4156-9e9a-d5d3137f9989,520,5
a4de326a-7963-4286-800b-83bea7377d15,521,5
00f7bd60-5d61-4e76-a804-f98e670c9deb,522,5
8b3226ff-0af0-4953-88c0-0be94b119694,523,5
aa918c0e-d75c-4443-9033-6003d258388a,524,5
b7993fb7-8b28-4280-b730-37258c8fa3d7,525,5
2ade73ed-1438-42cd-8d77-49c6e2df2d53,526,5
dd0d3ced-ec62-4acd-abda-8afb3f88af20,527,5
f38f0aeb-1f35-46f7-9ce5-50b1d76465be,528,5
155ed35a-f184-4363-bb26-9836d102e951,529,5
eacace5d-4dd6-4b2c-a5ee-746c0ac162cc,530,5
ccb00bda-a004-47c1-a6c0-76282186f730,531,5
a5baf251-2de8-4614-9325-064a458dec09,532,5
554637c3-5364-4a90-ab17-4e04a48b8ea9,533,5
a21e4376-4948-4901-a146-a2a4c7722ebc,534,5
eca7e016-e8c4-421d-b28b-53c5f0b268d4,535,5
a51bbdd3-4a24-4b50-aac1-2fe7b18a84dd,536,5
bc513243-8270-42ba-9b8f-b51a445c8952,537,5
17df6765-bf4c-4b68-8380-27ac2e23d390,538,5
cbfea4ed-4a6b-41a6-b4ec-b5ec7b4a89c8,539,5
693b4547-46d6-4d85-a76d-86bcb80fb09f,540,5
798594eb-73f8-473c-a5f2-57581f9b5a80,541,5
07600a11-bc06-489e-ab64-4dc9f4d40a60,542,5
daa157f6-5c39-4c1f-bc27-b356ac7c6867,543,5
06de585d-fe55-4290-a149-af7781098f57,544,5
1448a904-c78a-4ef6-b38d-51219ab83e13,545,5
67e8535a-b831-4865-a5de-0763739c3c73,546,5
fc6d73b3-41a0-4c05-99e4-a986494b30de,547,5
3d4e1c0b-37f9-4a7b-a9f6-bc4d2cbb91da,548,5
f73c3784-f647-4e50-974b-5dc930eb182d,549,5
be9827bc-ef54-481f-a80a-9d12ecfda0f7,550,5
58f5fd05-4edd-41ce-b504-85cb52b47f47,551,5
3b96f3eb-6974-4a74-b7a4-d0edd1776337,552,5
10e8af95-d6f2-43c6-94c5-81a21b44ff0f,553,5
b2c3a752-ab6b-438e-a662-0c94b0da7da2,554,5
8826321b-3e78-43e5-9370-e7ebe5db3122,555,5
5f7ec4c2-ad30-415a-8280-6415deb84fc7,556,5
15e742d0-6059-43c4-87ba-846b4892e594,557,5
85b50350-a325-41bd-b1d5-9a558ae5c035,558,5
075bda54-fe52-4f05-9935-05fca6619525,559,5
eb295836-ca88-4b33-b49f-8ee5c90515ac,560,5
32554295-25aa-4cc2-87b7-a5f77daf307f,561,5
a28ffbef-31d8-4d9c-9f04-c8a7383ab804,562,5
cc6777d4-fbc2-40f8-a585-9d1d24b19579,563,5
259b6ae4-d4a7-4d5a-8fe7-cadd3b37a3d6,564,5
d93491fd-bf27-44c9-8b70-b6725ba872d0,565,5
5974f523-5a74-4d4a-b4d5-240c92fbb272,566,5
b2b7b3ff-4a40-4db3-aae7-02a591281750,567,5
31b089ac-9148-46de-98c7-1bab7f5cbade,568,5
65a49f57-d1eb-4a81-bdb9-14d6c2a87646,569,5
81d9bce9-9e35-4da3-b5ab-c3f26f1bb389,570,5
b89ae814-7770-4fd5-a19a-cac59ae2deaf,571,5
ddeebef6-5e53-444f-8ab9-8f2a09477762,572,5
912cdab6-6f7b-4a5e-9fd6-2eb20daedf8d,573,5
099d4be1-44cc-4a6f-880d-24e79ffbe469,574,5
b12ae974-dc00-4420-8fd6-cc01181affaf,575,5
1a425388-65d3-402f-a289-e9848aac4e50,576,5
7f9496f0-bbc2-4c68-b999-e887f1a585b3,577,5
7248564b-d6bd-40c7-9921-bd8a9434b8aa,578,5
6ec544e8-c195-4a52-a47b-dd7a4d4e718a,579,5
63baa34c-d17a-47d8-8996-321e15fc8466,580,5
04aef4a1-3875-446a-acd6-9fdec635c261,581,5
f1e446c9-1d7c-4809-aebc-e668fbd2ccf7,582,5
963b6c6b-9ccc-4184-9da6-75cec4c7a4c8,583,5
39cf0dc6-a44e-4952-b1cd-4ee3533a16b6,584,5
a50010b8-3387-47ef-9118-06469920ec87,585,5
998c8781-b53d-4b88-bbd9-9faf11d50797,586,5
68eb4812-b421-4cc2-90de-7e7150720057,587,5
2a8dad25-f667-4c6f-bce4-3476b13f738d,588,5
f9d7f0ec-b3be-475b-8bb8-90caf79f67c1,589,5
4ff62efc-0da6-4120-96de-6b664c62ed75,590,5
bc9c0879-004e-4e5d-bd2e-80159b2837f1,591,5
a923fd3a-b482-4786-b87d-2bdae5e0a6a4,592,5
c602a691-e09a-474f-90b6-65f330ff175d,593,5
181095ca-1449-4a43-88ea-fc6a1fe8283f,594,5
b84f1bd0-23e2-4288-83b5-14399d0f3a54,595,5
b3158104-051c-4750-8efa-41f2ad736ab2,596,5
d9002f79-c384-4ea8-95f9-41593a9c9268,597,5
f84e69f3-c611-4bc9-ad38-4ebecf4a5e1e,598,5
922acded-f67b-415a-aac9-48c1148122a5,599,5
71e3d520-3ff5-4539-aa36-ff41c0f52d39,600,6
ff2eaf51-9148-4690-9da9-099f40429241,601,6
87380e92-107e-46a4-9122-0f1309c63639,602,6
29123a77-8229-44b6-9917-f7bb54585b98,603,6
535e2a22-d1f1-46a2-8dff-c77e5944c358,604,6
e30eede8-f2a3-45e3-bf75-773a6d25c0a3,605,6
416c9ff3-bbf1-49fe-9ae1-cd468a96f801,606,6
62508530-b4ff-46ad-a1c8-307d4ed0ad11,607,6
3da563a8-4199-41df-9e0e-5d0eac0a85d9,608,6
7096250c-7da6-4844-a91c-dd1b2943011f,609,6
8695663f-e098-4c25-bb69-c6e95d5ceee6,610,6
e9c5a6d2-a75f-4969-b939-c6038a17bc54,611,6
8fcdd8da-9a59-4f1f-a653-10abad981d3f,612,6
c2c3e859-cc63-442b-8baa-39f1cada914e,613,6
929d1077-02d4-49f4-bdd9-75f48d138f39,614,6
48ad9436-cd64-4347-86fc-ec9e36eb1312,615,6
1ab80350-fb05-459c-acbd-27b09ac01f43,616,6
13ef692c-9710-486c-83fe-d7d068ee3ff1,617,6
7c6cce9a-38df-426f-9dae-6b5af65dc89b,618,6
4c2a50d5-ae6a-422d-9ce1-283a7606c2e0,619,6
81583476-99d3-4156-9e9a-d5d3137f9989,620,6
a4de326a-7963-4286-800b-83bea7377d15,621,6
00f7bd60-5d61-4e76-a804-f98e670c9deb,622,6
8b3226ff-0af0-4953-88c0-0be94b119694,623,6
aa918c0e-d75c-4443-9033-6003d258388a,624,6
b7993fb7-8b28-4280-b730-37258c8fa3d7,625,6
2ade73ed-1438-42cd-8d77-49c6e2df2d53,626,6
dd0d3ced-ec62-4acd-abda-8afb3f88af20,627,6
f38f0aeb-1f35-46f7-9ce5-50b1d76465be,628,6
155ed35a-f184-4363-bb26-9836d102e951,629,6
eacace5d-4dd6-4b2c-a5ee-746c0ac162cc,630,6
ccb00bda-a004-47c1-a6c0-76282186f730,631,6
a5baf251-2de8-4614-9325-064a458dec09,632,6
554637c3-5364-4a90-ab17-4e04a48b8ea9,633,6
a21e4376-4948-4901-a146-a2a4c7722ebc,634,6
eca7e016-e8c4-421d-b28b-53c5f0b268d4,635,6
a51bbdd3-4a24-4b50-aac1-2fe7b18a84dd,636,6
bc513243-8270-42ba-9b8f-b51a445c8952,637,6
17df6765-bf4c-4b68-8380-27ac2e23d390,638,6
cbfea4ed-4a6b-41a6-b4ec-b5ec7b4a89c8,639,6
693b4547-46d6-4d85-a76d-86bcb80fb09f,640,6
798594eb-73f8-473c-a5f2-57581f9b5a80,641,6
07600a11-bc06-489e-ab64-4dc9f4d40a60,642,6
daa157f6-5c39-4c1f-bc27-b356ac7c6867,643,6
06de585d-fe55-4290-a149-af7781098f57,644,6
1448a904-c78a-4ef6-b38d-51219ab83e13,645,6
67e8535a-b831-4865-a5de-0763739c3c73,646,6
fc6d73b3-41a0-4c05-99e4-a986494b30de,647,6
3d4e1c0b-37f9-4a7b-a9f6-bc4d2cbb91da,648,6
f73c3784-f647-4e50-974b-5dc930eb182d,649,6
be9827bc-ef54-481f-a80a-9d12ecfda0f7,650,6
58f5fd05-4edd-41ce-b504-85cb52b47f47,651,6
3b96f3eb-6974-4a74-b7a4-d0edd1776337,652,6
10e8af95-d6f2-43c6-94c5-81a21b44ff0f,653,6
b2c3a752-ab6b-438e-a662-0c94b0da7da2,654,6
8826321b-3e78-43e5-9370-e7ebe5db3122,655,6
5f7ec4c2-ad30-415a-8280-6415deb84fc7,656,6
15e742d0-6059-43c4-87ba-846b4892e594,657,6
85b50350-a325-41bd-b1d5-9a558ae5c035,658,6
075bda54-fe52-4f05-9935-05fca6619525,659,6
eb295836-ca88-4b33-b49f-8ee5c90515ac,660,6
32554295-25aa-4cc2-87b7-a5f77daf307f,661,6
a28ffbef-31d8-4d9c-9f04-c8a7383ab804,662,6
cc6777d4-fbc2-40f8-a585-9d1d24b19579,663,6
259b6ae4-d4a7-4d5a-8fe7-cadd3b37a3d6,664,6
d93491fd-bf27-44c9-8b70-b6725ba872d0,665,6
5974f523-5a74-4d4a-b4d5-240c92fbb272,666,6
b2b7b3ff-4a40-4db3-aae7-02a591281750,667,6
31b089ac-9148-46de-98c7-1bab7f5cbade,668,6
65a49f57-d1eb-4a81-bdb9-14d6c2a87646,669,6
81d9bce9-9e35-4da3-b5ab-c3f26f1bb389,670,6
b89ae814-7770-4fd5-a19a-cac59ae2deaf,671,6
ddeebef6-5e53-444f-8ab9-8f2a09477762,672,6
912cdab6-6f7b-4a5e-9fd6-2eb20daedf8d,673,6
099d4be1-44cc-4a6f-880d-24e79ffbe469,674,6
b12ae974-dc00-4420-8fd6-cc01181affaf,675,6
1a425388-65d3-402f-a289-e9848aac4e50,676,6
7f9496f0-bbc2-4c68-b999-e887f1a585b3,677,6
7248564b-d6bd-40c7-9921-bd8a9434b8aa,678,6
6ec544e8-c195-4a52-a47b-dd7a4d4e718a,679,6
63baa34c-d17a-47d8-8996-321e15fc8466,680,6
04aef4a1-3875-446a-acd6-9fdec635c261,681,6
f1e446c9-1d7c-4809-aebc-e668fbd2ccf7,682,6
963b6c6b-9ccc-4184-9da6-75cec4c7a4c8,683,6
39cf0dc6-a44e-4952-b1cd-4ee3533a16b6,684,6
a50010b8-3387-47ef-9118-06469920ec87,685,6
998c8781-b53d-4b88-bbd9-9faf11d50797,686,6
68eb4812-b421-4cc2-90de-7e7150720057,687,6
2a8dad25-f667-4c6f-bce4-3476b13f738d,688,6
f9d7f0ec-b3be-475b-8bb8-90caf79f67c1,689,6
4ff62efc-0da6-4120-96de-6b664c62ed75,690,6
bc9c0879-004e-4e5d-bd2e-80159b2837f1,691,6
a923fd3a-b482-4786-b87d-2bdae5e0a6a4,692,6
c602a691-e09a-474f-90b6-65f330ff175d,693,6
181095ca-1449-4a43-88ea-fc6a1fe8283f,694,6
b84f1bd0-23e2-4288-83b5-14399d0f3a54,695,6
b3158104-051c-4750-8efa-41f2ad736ab2,696,6
d9002f79-c384-4ea8-95f9-41593a9c9268,697,6
f84e69f3-c611-4bc9-ad38-4ebecf4a5e1e,698,6
922acded-f67b-415a-aac9-48c1148122a5,699,6
71e3d520-3ff5-4539-aa36-ff41c0f52d39,700,7
ff2eaf51-9148-4690-9da9-099f40429241,701,7
87380e92-107e-46a4-9122-0f1309c63639,702,7
29123a77-8229-44b6-9917-f7bb54585b98,703,7
535e2a22-d1f1-46a2-8dff-c77e5944c358,704,7
e30eede8-f2a3-45e3-bf75-773a6d25c0a3,705,7
416c9ff3-bbf1-49fe-9ae1-cd468a96f801,706,7
62508530-b4ff-46ad-a1c8-307d4ed0ad11,707,7
3da563a8-4199-41df-9e0e-5d0eac0a85d9,708,7
7096250c-7da6-4844-a91c-dd1b2943011f,709,7
8695663f-e098-4c25-bb69-c6e95d5ceee6,710,7
e9c5a6d2-a75f-4969-b939-c6038a17bc54,711,7
8fcdd8da-9a59-4f1f-a653-10abad981d3f,712,7
c2c3e859-cc63-442b-8baa-39f1cada914e,713,7
929d1077-02d4-49f4-bdd9-75f48d138f39,714,7
48ad9436-cd64-4347-86fc-ec9e36eb1312,715,7
1ab80350-fb05-459c-acbd-27b09ac01f43,716,7
13ef692c-9710-486c-83fe-d7d068ee3ff1,717,7
7c6cce9a-38df-426f-9dae-6b5af65dc89b,718,7
4c2a50d5-ae6a-422d-9ce1-283a7606c2e0,719,7
81583476-99d3-4156-9e9a-d5d3137f9989,720,7
a4de326a-7963-4286-800b-83bea7377d15,721,7
00f7bd60-5d61-4e76-a804-f98e670c9deb,722,7
8b3226ff-0af0-4953-88c0-0be94b119694,723,7
aa918c0e-d75c-4443-9033-6003d258388a,724,7
b7993fb7-8b28-4280-b730-37258c8fa3d7,725,7
2ade73ed-1438-42cd-8d77-49c6e2df2d53,726,7
dd0d3ced-ec62-4acd-abda-8afb3f88af20,727,7
f38f0aeb-1f35-46f7-9ce5-50b1d76465be,728,7
155ed35a-f184-4363-bb26-9836d102e951,729,7
eacace5d-4dd6-4b2c-a5ee-746c0ac162cc,730,7
ccb00bda-a004-47c1-a6c0-76282186f730,731,7
a5baf251-2de8-4614-9325-064a458dec09,732,7
554637c3-5364-4a90-ab17-4e04a48b8ea9,733,7
a21e4376-4948-4901-a146-a2a4c7722ebc,734,7
eca7e016-e8c4-421d-b28b-53c5f0b268d4,735,7
a51bbdd3-4a24-4b50-aac1-2fe7b18a84dd,736,7
bc513243-8270-42ba-9b8f-b51a445c8952,737,7
17df6765-bf4c-4b68-8380-27ac2e23d390,738,7
cbfea4ed-4a6b-41a6-b4ec-b5ec7b4a89c8,739,7
693b4547-46d6-4d85-a76d-86bcb80fb09f,740,7
798594eb-73f8-473c-a5f2-57581f9b5a80,741,7
07600a11-bc06-489e-ab64-4dc9f4d40a60,742,7
daa157f6-5c39-4c1f-bc27-b356ac7c6867,743,7
06de585d-fe55-4290-a149-af7781098f57,744,7
1448a904-c78a-4ef6-b38d-51219ab83e13,745,7
67e8535a-b831-4865-a5de-0763739c3c73,746,7
fc6d73b3-41a0-4c05-99e4-a986494b30de,747,7
3d4e1c0b-37f9-4a7b-a9f6-bc4d2cbb91da,748,7
f73c3784-f647-4e50-974b-5dc930eb182d,749,7
be9827bc-ef54-481f-a80a-9d12ecfda0f7,750,7
58f5fd05-4edd-41ce-b504-85cb52b47f47,751,7
3b96f3eb-6974-4a74-b7a4-d0edd1776337,752,7
10e8af95-d6f2-43c6-94c5-81a21b44ff0f,753,7
b2c3a752-ab6b-438e-a662-0c94b0da7da2,754,7
8826321b-3e78-43e5-9370-e7ebe5db3122,755,7
5f7ec4c2-ad30-415a-8280-6415deb84fc7,756,7
15e742d0-6059-43c4-87ba-846b4892e594,757,7
85b50350-a325-41bd-b1d5-9a558ae5c035,758,7
075bda54-fe52-4f05-9935-05fca6619525,759,7
eb295836-ca88-4b33-b49f-8ee5c90515ac,760,7
32554295-25aa-4cc2-87b7-a5f77daf307f,761,7
a28ffbef-31d8-4d9c-9f04-c8a7383ab804,762,7
cc6777d4-fbc2-40f8-a585-9d1d24b19579,763,7
259b6ae4-d4a7-4d5a-8fe7-cadd3b37a3d6,764,7
d93491fd-bf27-44c9-8b70-b6725ba872d0,765,7
5974f523-5a74-4d4a-b4d5-240c92fbb272,766,7
b2b7b3ff-4a40-4db3-aae7-02a591281750,767,7
31b089ac-9148-46de-98c7-1bab7f5cbade,768,7
65a49f57-d1eb-4a81-bdb9-14d6c2a87646,769,7
81d9bce9-9e35-4da3-b5ab-c3f26f1bb389,770,7
b89ae814-7770-4fd5-a19a-cac59ae2deaf,771,7
ddeebef6-5e53-444f-8ab9-8f2a09477762,772,7
912cdab6-6f7b-4a5e-9fd6-2eb20daedf8d,773,7
099d4be1-44cc-4a6f-880d-24e79ffbe469,774,7
b12ae974-dc00-4420-8fd6-cc01181affaf,775,7
1a425388-65d3-402f-a289-e9848aac4e50,776,7
7f9496f0-bbc2-4c68-b999-e887f1a585b3,777,7
7248564b-d6bd-40c7-9921-bd8a9434b8aa,778,7
6ec544e8-c195-4a52-a47b-dd7a4d4e718a,779,7
63baa34c-d17a-47d8-8996-321e15fc8466,780,7
04aef4a1-3875-446a-acd6-9fdec635c261,781,7
f1e446c9-1d7c-4809-aebc-e668fbd2ccf7,782,7
963b6c6b-9ccc-4184-9da6-75cec4c7a4c8,783,7
39cf0dc6-a44e-4952-b1cd-4ee3533a16b6,784,7
a50010b8-3387-47ef-9118-06469920ec87,785,7
998c8781-b53d-4b88-bbd9-9faf11d50797,786,7
68eb4812-b421-4cc2-90de-7e7150720057,787,7
2a8dad25-f667-4c6f-bce4-3476b13f738d,788,7
f9d7f0ec-b3be-475b-8bb8-90caf79f67c1,789,7
4ff62efc-0da6-4120-96de-6b664c62ed75,790,7
bc9c0879-004e-4e5d-bd2e-80159b2837f1,791,7
a923fd3a-b482-4786-b87d-2bdae5e0a6a4,792,7
c602a691-e09a-474f-90b6-65f330ff175d,793,7
181095ca-1449-4a43-88ea-fc6a1fe8283f,794,7
b84f1bd0-23e2-4288-83b5-14399d0f3a54,795,7
b3158104-051c-4750-8efa-41f2ad736ab2,796,7
d9002f79-c384-4ea8-95f9-41593a9c9268,797,7
f84e69f3-c611-4bc9-ad38-4ebecf4a5e1e,798,7
922acded-f67b-415a-aac9-48c1148122a5,799,7
71e3d520-3ff5-4539-aa36-ff41c0f52d39,800,8
ff2eaf51-9148-4690-9da9-099f40429241,801,8
87380e92-107e-46a4-9122-0f1309c63639,802,8
29123a77-8229-44b6-9917-f7bb54585b98,803,8
535e2a22-d1f1-46a2-8dff-c77e5944c358,804,8
e30eede8-f2a3-45e3-bf75-773a6d25c0a3,805,8
416c9ff3-bbf1-49fe-9ae1-cd468a96f801,806,8
62508530-b4ff-46ad-a1c8-307d4ed0ad11,807,8
3da563a8-4199-41df-9e0e-5d0eac0a85d9,808,8
7096250c-7da6-4844-a91c-dd1b2943011f,809,8
8695663f-e098-4c25-bb69-c6e95d5ceee6,810,8
e9c5a6d2-a75f-4969-b939-c6038a17bc54,811,8
8fcdd8da-9a59-4f1f-a653-10abad981d3f,812,8
c2c3e859-cc63-442b-8baa-39f1cada914e,813,8
929d1077-02d4-49f4-bdd9-75f48d138f39,814,8
48ad9436-cd64-4347-86fc-ec9e36eb1312,815,8
1ab80350-fb05-459c-acbd-27b09ac01f43,816,8
13ef692c-9710-486c-83fe-d7d068ee3ff1,817,8
7c6cce9a-38df-426f-9dae-6b5af65dc89b,818,8
4c2a50d5-ae6a-422d-9ce1-283a7606c2e0,819,8
81583476-99d3-4156-9e9a-d5d3137f9989,820,8
a4de326a-7963-4286-800b-83bea7377d15,821,8
00f7bd60-5d61-4e76-a804-f98e670c9deb,822,8
8b3226ff-0af0-4953-88c0-0be94b119694,823,8
aa918c0e-d75c-4443-9033-6003d258388a,824,8
b7993fb7-8b28-4280-b730-37258c8fa3d7,825,8
2ade73ed-1438-42cd-8d77-49c6e2df2d53,826,8
dd0d3ced-ec62-4acd-abda-8afb3f88af20,827,8
f38f0aeb-1f35-46f7-9ce5-50b1d76465be,828,8
155ed35a-f184-4363-bb26-9836d102e951,829,8
eacace5d-4dd6-4b2c-a5ee-746c0ac162cc,830,8
ccb00bda-a004-47c1-a6c0-76282186f730,831,8
a5baf251-2de8-4614-9325-064a458dec09,832,8
554637c3-5364-4a90-ab17-4e04a48b8ea9,833,8
a21e4376-4948-4901-a146-a2a4c7722ebc,834,8
eca7e016-e8c4-421d-b28b-53c5f0b268d4,835,8
a51bbdd3-4a24-4b50-aac1-2fe7b18a84dd,836,8
bc513243-8270-42ba-9b8f-b51a445c8952,837,8
17df6765-bf4c-4b68-8380-27ac2e23d390,838,8
cbfea4ed-4a6b-41a6-b4ec-b5ec7b4a89c8,839,8
693b4547-46d6-4d85-a76d-86bcb80fb09f,840,8
798594eb-73f8-473c-a5f2-57581f9b5a80,841,8
07600a11-bc06-489e-ab64-4dc9f4d40a60,842,8
daa157f6-5c39-4c1f-bc27-b356ac7c6867,843,8
06de585d-fe55-4290-a149-af7781098f57,844,8
1448a904-c78a-4ef6-b38d-51219ab83e13,845,8
67e8535a-b831-4865-a5de-0763739c3c73,846,8
fc6d73b3-41a0-4c05-99e4-a986494b30de,847,8
3d4e1c0b-37f9-4a7b-a9f6-bc4d2cbb91da,848,8
f73c3784-f647-4e50-974b-5dc930eb182d,849,8
be9827bc-ef54-481f-a80a-9d12ecfda0f7,850,8
58f5fd05-4edd-41ce-b504-85cb52b47f47,851,8
3b96f3eb-6974-4a74-b7a4-d0edd1776337,852,8
10e8af95-d6f2-43c6-94c5-81a21b44ff0f,853,8
b2c3a752-ab6b-438e-a662-0c94b0da7da2,854,8
8826321b-3e78-43e5-9370-e7ebe5db3122,855,8
5f7ec4c2-ad30-415a-8280-6415deb84fc7,856,8
15e742d0-6059-43c4-87ba-846b4892e594,857,8
85b50350-a325-41bd-b1d5-9a558ae5c035,858,8
075bda54-fe52-4f05-9935-05fca6619525,859,8
eb295836-ca88-4b33-b49f-8ee5c90515ac,860,8
32554295-25aa-4cc2-87b7-a5f77daf307f,861,8
a28ffbef-31d8-4d9c-9f04-c8a7383ab804,862,8
cc6777d4-fbc2-40f8-a585-9d1d24b19579,863,8
259b6ae4-d4a7-4d5a-8fe7-cadd3b37a3d6,864,8
d93491fd-bf27-44c9-8b70-b6725ba872d0,865,8
5974f523-5a74-4d4a-b4d5-240c92fbb272,866,8
b2b7b3ff-4a40-4db3-aae7-02a591281750,867,8
31b089ac-9148-46de-98c7-1bab7f5cbade,868,8
65a49f57-d1eb-4a81-bdb9-14d6c2a87646,869,8
81d9bce9-9e35-4da3-b5ab-c3f26f1bb389,870,8
b89ae814-7770-4fd5-a19a-cac59ae2deaf,871,8
ddeebef6-5e53-444f-8ab9-8f2a09477762,872,8
912cdab6-6f7b-4a5e-9fd6-2eb20daedf8d,873,8
099d4be1-44cc-4a6f-880d-24e79ffbe469,874,8
b12ae974-dc00-4420-8fd6-cc01181affaf,875,8
1a425388-65d3-402f-a289-e9848aac4e50,876,8
7f9496f0-bbc2-4c68-b999-e887f1a585b3,877,8
7248564b-d6bd-40c7-9921-bd8a9434b8aa,878,8
6ec544e8-c195-4a52-a47b-dd7a4d4e718a,879,8
63baa34c-d17a-47d8-8996-321e15fc8466,880,8
04aef4a1-3875-446a-acd6-9fdec635c261,881,8
f1e446c9-1d7c-4809-aebc-e668fbd2ccf7,882,8
963b6c6b-9ccc-4184-9da6-75cec4c7a4c8,883,8
39cf0dc6-a44e-4952-b1cd-4ee3533a16b6,884,8
a50010b8-3387-47ef-9118-06469920ec87,885,8
998c8781-b53d-4b88-bbd9-9faf11d50797,886,8
68eb4812-b421-4cc2-90de-7e7150720057,887,8
2a8dad25-f667-4c6f-bce4-3476b13f738d,888,8
f9d7f0ec-b3be-475b-8bb8-90caf79f67c1,889,8
4ff62efc-0da6-4120-96de-6b664c62ed75,890,8
bc9c0879-004e-4e5d-bd2e-80159b2837f1,891,8
a923fd3a-b482-4786-b87d-2bdae5e0a6a4,892,8
c602a691-e09a-474f-90b6-65f330ff175d,893,8
181095ca-1449-4a43-88ea-fc6a1fe8283f,894,8
b84f1bd0-23e2-4288-83b5-14399d0f3a54,895,8
b3158104-051c-4750-8efa-41f2ad736ab2,896,8
d9002f79-c384-4ea8-95f9-41593a9c9268,897,8
f84e69f3-c611-4bc9-ad38-4ebecf4a5e1e,898,8
922acded-f67b-415a-aac9-48c1148122a5,899,8
71e3d520-3ff5-4539-aa36-ff41c0f52d39,900,9
ff2eaf51-9148-4690-9da9-099f40429241,901,9
87380e92-107e-46a4-9122-0f1309c63639,902,9
29123a77-8229-44b6-9917-f7bb54585b98,903,9
535e2a22-d1f1-46a2-8dff-c77e5944c358,904,9
e30eede8-f2a3-45e3-bf75-773a6d25c0a3,905,9
416c9ff3-bbf1-49fe-9ae1-cd468a96f801,906,9
62508530-b4ff-46ad-a1c8-307d4ed0ad11,907,9
3da563a8-4199-41df-9e0e-5d0eac0a85d9,908,9
7096250c-7da6-4844-a91c-dd1b2943011f,909,9
8695663f-e098-4c25-bb69-c6e95d5ceee6,910,9
e9c5a6d2-a75f-4969-b939-c6038a17bc54,911,9
8fcdd8da-9a59-4f1f-a653-10abad981d3f,912,9
c2c3e859-cc63-442b-8baa-39f1cada914e,913,9
929d1077-02d4-49f4-bdd9-75f48d138f39,914,9
48ad9436-cd64-4347-86fc-ec9e36eb1312,915,9
1ab80350-fb05-459c-acbd-27b09ac01f43,916,9
13ef692c-9710-486c-83fe-d7d068ee3ff1,917,9
7c6cce9a-38df-426f-9dae-6b5af65dc89b,918,9
4c2a50d5-ae6a-422d-9ce1-283a7606c2e0,919,9
81583476-99d3-4156-9e9a-d5d3137f9989,920,9
a4de326a-7963-4286-800b-83bea7377d15,921,9
00f7bd60-5d61-4e76-a804-f98e670c9deb,922,9
8b3226ff-0af0-4953-88c0-0be94b119694,923,9
aa918c0e-d75c-4443-9033-6003d258388a,924,9
b7993fb7-8b28-4280-b730-37258c8fa3d7,925,9
2ade73ed-1438-42cd-8d77-49c6e2df2d53,926,9
dd0d3ced-ec62-4acd-abda-8afb3f88af20,927,9
f38f0aeb-1f35-46f7-9ce5-50b1d76465be,928,9
155ed35a-f184-4363-bb26-9836d102e951,929,9
eacace5d-4dd6-4b2c-a5ee-746c0ac162cc,930,9
ccb00bda-a004-47c1-a6c0-76282186f730,931,9
a5baf251-2de8-4614-9325-064a458dec09,932,9
554637c3-5364-4a90-ab17-4e04a48b8ea9,933,9
a21e4376-4948-4901-a146-a2a4c7722ebc,934,9
eca7e016-e8c4-421d-b28b-53c5f0b268d4,935,9
a51bbdd3-4a24-4b50-aac1-2fe7b18a84dd,936,9
bc513243-8270-42ba-9b8f-b51a445c8952,937,9
17df6765-bf4c-4b68-8380-27ac2e23d390,938,9
cbfea4ed-4a6b-41a6-b4ec-b5ec7b4a89c8,939,9
693b4547-46d6-4d85-a76d-86bcb80fb09f,940,9
798594eb-73f8-473c-a5f2-57581f9b5a80,941,9
07600a11-bc06-489e-ab64-4dc9f4d40a60,942,9
daa157f6-5c39-4c1f-bc27-b356ac7c6867,943,9
06de585d-fe55-4290-a149-af7781098f57,944,9
1448a904-c78a-4ef6-b38d-51219ab83e13,945,9
67e8535a-b831-4865-a5de-0763739c3c73,946,9
fc6d73b3-41a0-4c05-99e4-a986494b30de,947,9
3d4e1c0b-37f9-4a7b-a9f6-bc4d2cbb91da,948,9
f73c3784-f647-4e50-974b-5dc930eb182d,949,9
be9827bc-ef54-481f-a80a-9d12ecfda0f7,950,9
58f5fd05-4edd-41ce-b504-85cb52b47f47,951,9
3b96f3eb-6974-4a74-b7a4-d0edd1776337,952,9
10e8af95-d6f2-43c6-94c5-81a21b44ff0f,953,9
b2c3a752-ab6b-438e-a662-0c94b0da7da2,954,9
8826321b-3e78-43e5-9370-e7ebe5db3122,955,9
5f7ec4c2-ad30-415a-8280-6415deb84fc7,956,9
15e742d0-6059-43c4-87ba-846b4892e594,957,9
85b50350-a325-41bd-b1d5-9a558ae5c035,958,9
075bda54-fe52-4f05-9935-05fca6619525,959,9
eb295836-ca88-4b33-b49f-8ee5c90515ac,960,9
32554295-25aa-4cc2-87b7-a5f77daf307f,961,9
a28ffbef-31d8-4d9c-9f04-c8a7383ab804,962,9
cc6777d4-fbc2-40f8-a585-9d1d24b19579,963,9
259b6ae4-d4a7-4d5a-8fe7-cadd3b37a3d6,964,9
d93491fd-bf27-44c9-8b70-b6725ba872d0,965,9
5974f523-5a74-4d4a-b4d5-240c92fbb272,966,9
b2b7b3ff-4a40-4db3-aae7-02a591281750,967,9
31b089ac-9148-46de-98c7-1bab7f5cbade,968,9
65a49f57-d1eb-4a81-bdb9-14d6c2a87646,969,9
81d9bce9-9e35-4da3-b5ab-c3f26f1bb389,970,9
b89ae814-7770-4fd5-a19a-cac59ae2deaf,971,9
ddeebef6-5e53-444f-8ab9-8f2a09477762,972,9
912cdab6-6f7b-4a5e-9fd6-2eb20daedf8d,973,9
099d4be1-44cc-4a6f-880d-24e79ffbe469,974,9
b12ae974-dc00-4420-8fd6-cc01181affaf,975,9
1a425388-65d3-402f-a289-e9848aac4e50,976,9
7f9496f0-bbc2-4c68-b999-e887f1a585b3,977,9
7248564b-d6bd-40c7-9921-bd8a9434b8aa,978,9
6ec544e8-c195-4a52-a47b-dd7a4d4e718a,979,9
63baa34c-d17a-47d8-8996-321e15fc8466,980,9
04aef4a1-3875-446a-acd6-9fdec635c261,981,9
f1e446c9-1d7c-4809-aebc-e668fbd2ccf7,982,9
963b6c6b-9ccc-4184-9da6-75cec4c7a4c8,983,9
39cf0dc6-a44e-4952-b1cd-4ee3533a16b6,984,9
a50010b8-3387-47ef-9118-06469920ec87,985,9
998c8781-b53d-4b88-bbd9-9faf11d50797,986,9
68eb4812-b421-4cc2-90de-7e7150720057,987,9
2a8dad25-f667-4c6f-bce4-3476b13f738d,988,9
f9d7f0ec-b3be-475b-8bb8-90caf79f67c1,989,9
4ff62efc-0da6-4120-96de-6b664c62ed75,990,9
bc9c0879-004e-4e5d-bd2e-80159b2837f1,991,9
a923fd3a-b482-4786-b87d-2bdae5e0a6a4,992,9
c602a691-e09a-474f-90b6-65f330ff175d,993,9
181095ca-1449-4a43-88ea-fc6a1fe8283f,994,9
b84f1bd0-23e2-4288-83b5-14399d0f3a54,995,9
b3158104-051c-4750-8efa-41f2ad736ab2,996,9
d9002f79-c384-4ea8-95f9-41593a9c9268,997,9
f84e69f3-c611-4bc9-ad38-4ebecf4a5e1e,998,9
922acded-f67b-415a-aac9-48c1148122a5,999,9
