71e3d520-3ff5-4539-aa36-ff41c0f52d39,0
ff2eaf51-9148-4690-9da9-099f40429241,1
87380e92-107e-46a4-9122-0f1309c63639,2
29123a77-8229-44b6-9917-f7bb54585b98,3
535e2a22-d1f1-46a2-8dff-c77e5944c358,4
e30eede8-f2a3-45e3-bf75-773a6d25c0a3,5
416c9ff3-bbf1-49fe-9ae1-cd468a96f801,6
62508530-b4ff-46ad-a1c8-307d4ed0ad11,7
3da563a8-4199-41df-9e0e-5d0eac0a85d9,8
7096250c-7da6-4844-a91c-dd1b2943011f,9
8695663f-e098-4c25-bb69-c6e95d5ceee6,10
e9c5a6d2-a75f-4969-b939-c6038a17bc54,11
8fcdd8da-9a59-4f1f-a653-10abad981d3f,12
c2c3e859-cc63-442b-8baa-39f1cada914e,13
929d1077-02d4-49f4-bdd9-75f48d138f39,14
48ad9436-cd64-4347-86fc-ec9e36eb1312,15
1ab80350-fb05-459c-acbd-27b09ac01f43,16
13ef692c-9710-486c-83fe-d7d068ee3ff1,17
7c6cce9a-38df-426f-9dae-6b5af65dc89b,18
4c2a50d5-ae6a-422d-9ce1-283a7606c2e0,19
81583476-99d3-4156-9e9a-d5d3137f9989,20
a4de326a-7963-4286-800b-83bea7377d15,21
00f7bd60-5d61-4e76-a804-f98e670c9deb,22
8b3226ff-0af0-4953-88c0-0be94b119694,23
aa918c0e-d75c-4443-9033-6003d258388a,24
b7993fb7-8b28-4280-b730-37258c8fa3d7,25
2ade73ed-1438-42cd-8d77-49c6e2df2d53,26
dd0d3ced-ec62-4acd-abda-8afb3f88af20,27
f38f0aeb-1f35-46f7-9ce5-50b1d76465be,28
155ed35a-f184-4363-bb26-9836d102e951,29
eacace5d-4dd6-4b2c-a5ee-746c0ac162cc,30
ccb00bda-a004-47c1-a6c0-76282186f730,31
a5baf251-2de8-4614-9325-064a458dec09,32
554637c3-5364-4a90-ab17-4e04a48b8ea9,33
a21e4376-4948-4901-a146-a2a4c7722ebc,34
eca7e016-e8c4-421d-b28b-53c5f0b268d4,35
a51bbdd3-4a24-4b50-aac1-2fe7b18a84dd,36
bc513243-8270-42ba-9b8f-b51a445c8952,37
17df6765-bf4c-4b68-8380-27ac2e23d390,38
cbfea4ed-4a6b-41a6-b4ec-b5ec7b4a89c8,39
693b4547-46d6-4d85-a76d-86bcb80fb09f,40
798594eb-73f8-473c-a5f2-57581f9b5a80,41
07600a11-bc06-489e-ab64-4dc9f4d40a60,42
daa157f6-5c39-4c1f-bc27-b356ac7c6867,43
06de585d-fe55-4290-a149-af7781098f57,44
1448a904-c78a-4ef6-b38d-51219ab83e13,45
67e8535a-b831-4865-a5de-0763739c3c73,46
fc6d73b3-41a0-4c05-99e4-a986494b30de,47
3d4e1c0b-37f9-4a7b-a9f6-bc4d2cbb91da,48
f73c3784-f647-4e50-974b-5dc930eb182d,49
be9827bc-ef54-481f-a80a-9d12ecfda0f7,50
58f5fd05-4edd-41ce-b504-85cb52b47f47,51
3b96f3eb-6974-4a74-b7a4-d0edd1776337,52
10e8af95-d6f2-43c6-94c5-81a21b44ff0f,53
b2c3a752-ab6b-438e-a662-0c94b0da7da2,54
8826321b-3e78-43e5-9370-e7ebe5db3122,55
5f7ec4c2-ad30-415a-8280-6415deb84fc7,56
15e742d0-6059-43c4-87ba-846b4892e594,57
85b50350-a325-41bd-b1d5-9a558ae5c035,58
075bda54-fe52-4f05-9935-05fca6619525,59
eb295836-ca88-4b33-b49f-8ee5c90515ac,60
32554295-25aa-4cc2-87b7-a5f77daf307f,61
a28ffbef-31d8-4d9c-9f04-c8a7383ab804,62
cc6777d4-fbc2-40f8-a585-9d1d24b19579,63
259b6ae4-d4a7-4d5a-8fe7-cadd3b37a3d6,64
d93491fd-bf27-44c9-8b70-b6725ba872d0,65
5974f523-5a74-4d4a-b4d5-240c92fbb272,66
b2b7b3ff-4a40-4db3-aae7-02a591281750,67
31b089ac-9148-46de-98c7-1bab7f5cbade,68
65a49f57-d1eb-4a81-bdb9-14d6c2a87646,69
81d9bce9-9e35-4da3-b5ab-c3f26f1bb389,70
b89ae814-7770-4fd5-a19a-cac59ae2deaf,71
ddeebef6-5e53-444f-8ab9-8f2a09477762,72
912cdab6-6f7b-4a5e-9fd6-2eb20daedf8d,73
099d4be1-44cc-4a6f-880d-24e79ffbe469,74
b12ae974-dc00-4420-8fd6-cc01181affaf,75
1a425388-65d3-402f-a289-e9848aac4e50,76
7f9496f0-bbc2-4c68-b999-e887f1a585b3,77
7248564b-d6bd-40c7-9921-bd8a9434b8aa,78
6ec544e8-c195-4a52-a47b-dd7a4d4e718a,79
63baa34c-d17a-47d8-8996-321e15fc8466,80
04aef4a1-3875-446a-acd6-9fdec635c261,81
f1e446c9-1d7c-4809-aebc-e668fbd2ccf7,82
963b6c6b-9ccc-4184-9da6-75cec4c7a4c8,83
39cf0dc6-a44e-4952-b1cd-4ee3533a16b6,84
a50010b8-3387-47ef-9118-06469920ec87,85
998c8781-b53d-4b88-bbd9-9faf11d50797,86
68eb4812-b421-4cc2-90de-7e7150720057,87
2a8dad25-f667-4c6f-bce4-3476b13f738d,88
f9d7f0ec-b3be-475b-8bb8-90caf79f67c1,89
4ff62efc-0da6-4120-96de-6b664c62ed75,90
bc9c0879-004e-4e5d-bd2e-80159b2837f1,91
a923fd3a-b482-4786-b87d-2bdae5e0a6a4,92
c602a691-e09a-474f-90b6-65f330ff175d,93
181095ca-1449-4a43-88ea-fc6a1fe8283f,94
b84f1bd0-23e2-4288-83b5-14399d0f3a54,95
b3158104-051c-4750-8efa-41f2ad736ab2,96
d9002f79-c384-4ea8-95f9-41593a9c9268,97
f84e69f3-c611-4bc9-ad38-4ebecf4a5e1e,98
922acded-f67b-415a-aac9-48c1148122a5,99
